48363805075;Name;Gender;DOB
82957570305;John Doe;M;12/12/1999
30275857667;Jane Smith;F;01/23/1985
76414639621;Michael Johnson;M;06/15/1992
47974583504;Emily Davis;F;09/05/1988
12922346635;David Brown;M;03/29/1996
59703128090;Sarah Miller;F;11/08/1990
14543928931;Matthew Wilson;M;07/17/1987
65012622991;Olivia Taylor;F;04/02/1993
31274821787;Christopher Anderson;M;10/21/1989
74278845807;Ava Martinez;F;08/11/1995
93140255581;Daniel Hernandez;M;05/07/1991
62737278463;Sophia Lee;F;02/18/1986
60932362782;Ethan Walker;M;12/09/1992
71935319755;Isabella Thompson;F;07/31/1988
97971492187;Joseph Harris;M;04/14/1996
57296424461;Mia Clark;F;12/03/1990
48588968780;Alexander Lewis;M;08/25/1987
71619115270;Charlotte Young;F;05/10/1993
77801666832;James King;M;01/01/1999
65303729233;Amelia Scott;F;09/19/1994
63800389536;William Turner;M;03/22/1992
51110117742;Grace Allen;F;11/05/1987
43982225855;Benjamin Baker;M;07/08/1993
31613157357;Samantha Mitchell;F;04/12/1989
55021396792;Henry Anderson;M;12/25/1996
82137859364;Lily Hall;F;09/28/1990
19397460720;Andrew Carter;M;06/10/1987
15741017548;Chloe Garcia;F;02/15/1993
39144921748;Davidson Foster;M;10/02/1989
65641899951;Scarlett Turner;F;05/28/1995
72410003905;Jacob Bailey;M;02/03/1991
16755094751;Victoria Edwards;F;10/14/1986
92505056533;Samuel Walker;M;06/26/1992
50515724037;Natalie Baker;F;01/29/1988
17737047184;Jack Mitchell;M;11/12/1995
79057720341;Sophie Clark;F;07/26/1990
78468243923;Matthew Scott;M;04/09/1987
69485811004;Ava Allen;F;12/22/1992
54176106842;Daniel Wilson;M;08/05/1989
44126211499;Olivia Young;F;05/20/1995
89033222905;Joseph King;M;01/13/1991
43207472442;Emily Martinez;F;09/26/1986
68497355555;Jacob Lee;M;05/09/1992
76828193846;Mia Thompson;F;12/21/1988
72979868702;William Harris;M;08/04/1996
52092679266;Isabella Clark;F;03/17/1990
73014193589;Michael Lewis;M;11/29/1987
84709374230;Sophia Young;F;07/12/1993
52568968849;Alexander King;M;03/27/1989
60917101226;Charlotte Scott;F;12/10/1994
61990503686;Emma Turner;F;09/02/1992
62787380502;Lucas Baker;M;05/16/1988
95431185137;Grace Anderson;F;01/19/1996
55676550194;Matthew Mitchell;M;11/01/1990
22473018975;Ava Clark;F;06/14/1987
26542831768;Daniel Wilson;M;02/28/1993
58173382852;Olivia Young;F;10/10/1989
40972578978;James King;M;04/24/1995
33735838537;Sophia Scott;F;12/07/1991
14431732236;Benjamin Martinez;M;08/20/1986
22264010897;Amelia Walker;F;04/02/1992
98004209210;William Baker;M;11/15/1988
25204709400;Emily Thompson;F;07/28/1996
10621292361;Jacob Harris;M;03/12/1990
17989663016;Isabella Clark;F;11/24/1987
43133388229;Daniel Lewis;M;07/07/1993
84763135928;Olivia Young;F;03/22/1989
80624066482;Matthew Turner;M;12/04/1994
87473346285;Emma Allen;F;08/17/1991
34605270094;Lucas Martinez;M;05/30/1986
39367662258;Grace Walker;F;01/12/1992
94841890609;William Baker;M;10/25/1988
52329634349;Emily Thompson;F;06/07/1996
78717309735;Jacob Harris;M;02/20/1990
41223582255;Isabella Clark;F;10/03/1987
12847697455;Daniel Lewis;M;05/16/1993
88281119052;Olivia Young;F;01/29/1989
15414426686;Matthew Turner;M;10/12/1994
62140076264;Emma Allen;F;06/24/1991
21777926558;Lucas Martinez;M;03/08/1986
56874862680;Grace Walker;F;11/20/1992
34301298089;William Baker;M;07/03/1988
66085066162;Emily Thompson;F;02/15/1996
33368894660;Jacob Harris;M;10/28/1990
94341209029;Isabella Clark;F;06/11/1987
47880257072;Daniel Lewis;M;02/24/1993
92704047938;Olivia Young;F;11/07/1989
31288255898;Matthew Turner;M;07/20/1994
35791897027;Emma Allen;F;03/03/1991
10143183073;Lucas Martinez;M;11/15/1986
86180321204;Grace Walker;F;07/28/1992
43450175334;William Baker;M;03/10/1988
57160598743;Emily Thompson;F;11/23/1995
27495071417;Jacob Harris;M;07/06/1990
22850555347;Isabella Clark;F;02/19/1987
43470909701;Daniel Lewis;M;10/03/1993
12577619129;Olivia Young;F;06/16/1989
87046361353;Sophia Turner;F;01/12/1994
77507954293;Oliver Walker;M;10/25/1989
87035757412;Emma Davis;F;06/07/1995
42766357149;Ethan Wilson;M;02/18/1991
13677953977;Isabella Clark;F;11/02/1986
88741534718;Liam Thompson;M;07/15/1992
56310076162;Ava Mitchell;F;03/29/1988
43410913704;Noah Anderson;M;12/12/1996
88136245988;Sophia Baker;F;08/25/1990
20359429434;Michael Harris;M;05/10/1987
47657815111;Olivia Turner;F;01/23/1993
60248326613;William Lewis;M;10/05/1988
82994525556;Emily Scott;F;06/18/1994
80534552392;James Turner;M;02/29/1990
85481769326;Emma Davis;F;11/11/1985
92467499439;Ethan Wilson;M;07/24/1991
61903821153;Isabella Clark;F;03/06/1987
54951839473;Liam Thompson;M;12/19/1993
76037296820;Ava Mitchell;F;08/02/1989
82710424082;Noah Anderson;M;04/15/1995
83008466947;Sophia Baker;F;12/28/1990
41031220143;Oliver Walker;M;09/10/1986
83895747155;Emma Davis;F;05/24/1992
13853034446;Ethan Wilson;M;01/06/1988
45034141940;Isabella Clark;F;10/20/1994
48125609036;Liam Thompson;M;06/02/1990
72522818764;Ava Mitchell;F;02/15/1986
37781767520;Noah Anderson;M;11/28/1992
18924122656;Sophia Baker;F;07/11/1988
47782280052;Michael Harris;M;03/24/1994
59879570095;Olivia Turner;F;12/06/1989
92622781643;William Lewis;M;08/19/1995
62018760438;Emily Scott;F;04/01/1991
30828959041;James Turner;M;11/14/1986
44608670616;Emma Davis;F;07/26/1992
74287258298;Ethan Wilson;M;03/08/1988
55277024240;Isabella Clark;F;11/22/1994
34822415860;Liam Thompson;M;07/05/1990
33866873257;Ava Mitchell;F;03/18/1986
50524656050;Noah Anderson;M;12/01/1992
10031104792;Sophia Baker;F;08/14/1988
45883841559;Oliver Walker;M;04/27/1994
59541966423;Emma Davis;F;12/10/1989
98376425755;Ethan Wilson;M;06/22/1995
94596395931;Isabella Clark;F;02/03/1991
78965156013;Liam Thompson;M;10/15/1986
20960376803;Ava Mitchell;F;06/27/1992
95160391160;Noah Anderson;M;02/09/1988
55155368201;Oliver James Thompson;M;09/15/1994
74467463428;Sophia Rose Davis;F;05/28/1990
90938005677;William Alexander Walker;M;01/10/1987
72850107879;Emma Elizabeth Turner;F;10/24/1993
27598247173;Ethan Michael Clark;M;06/06/1989
54075701465;Isabella Grace Anderson;F;02/18/1995
67009433705;Liam Thomas Mitchell;M;12/01/1990
17894707991;Ava Charlotte Baker;F;08/14/1987
37593773336;Noah Christopher Wilson;M;04/28/1993
61917091806;Sophia Olivia Harris;F;12/11/1989
99945877092;Oliver James Thompson;M;08/15/1994
11176131905;Sophia Rose Davis;F;04/28/1990
74004437395;William Alexander Walker;M;12/10/1986
51977452006;Emma Elizabeth Turner;F;09/24/1993
65622432245;Ethan Michael Clark;M;05/06/1989
91020341415;Isabella Grace Anderson;F;01/18/1995
86155818294;Liam Thomas Mitchell;M;11/30/1990
92054816921;Ava Charlotte Baker;F;07/13/1987
40527105448;Noah Christopher Wilson;M;03/27/1993
36294416900;Sophia Olivia Harris;F;11/10/1989
25204655187;Oliver James Thompson;M;07/15/1994
57175599051;Sophia Rose Davis;F;03/28/1990
25583691506;William Alexander Walker;M;11/10/1986
54540577348;Emma Elizabeth Turner;F;08/24/1993
86270104563;Ethan Michael Clark;M;04/06/1989
77318889236;Isabella Grace Anderson;F;12/17/1994
72299485064;Liam Thomas Mitchell;M;10/29/1990
20435522634;Ava Charlotte Baker;F;06/02/1987
75878462189;Noah Christopher Wilson;M;02/16/1993
32229062966;Sophia Olivia Harris;F;10/11/1989
83028807068;Oliver James Thompson;M;06/15/1994
96035331141;Sophia Rose Davis;F;02/28/1990
87860952357;William Alexander Walker;M;10/01/1986
10302378238;Emma Elizabeth Turner;F;07/23/1993
52541877341;Ethan Michael Clark;M;03/05/1989
61201130105;Isabella Grace Anderson;F;11/17/1994
74902029219;Liam Thomas Mitchell;M;09/29/1990
24528139164;Ava Charlotte Baker;F;05/02/1987
94989187436;Noah Christopher Wilson;M;01/16/1993
61567107941;Sophia Olivia Harris;F;09/10/1989
96170877353;Oliver James Thompson;M;05/15/1994
45067247449;Sophia Rose Davis;F;01/28/1990
13703117506;William Alexander Walker;M;09/09/1986
39103481962;Emma Elizabeth Turner;F;06/22/1993
42655827032;Ethan Michael Clark;M;02/04/1989
89719701627;Isabella Grace Anderson;F;10/16/1994
90688567403;Liam Thomas Mitchell;M;08/29/1990
85447429379;Ava Charlotte Baker;F;04/01/1987
18810937757;Noah Christopher Wilson;M;12/15/1992
31523444353;Sophia Olivia Harris;F;08/10/1989
64383354834;Oliver James Thompson;M;04/15/1994
90649653340;Sophia Rose Davis;F;12/28/1989
86983724647;Sophia Rose Mitchell;F;07/12/1993
60443650275;William Alexander Baker;M;03/25/1989
13723297088;Emma Elizabeth Clark;F;11/07/1995
96797849830;Ethan Michael Turner;M;07/21/1991
99413349601;Isabella Grace Davis;F;03/02/1987
68209075134;Liam Thomas Anderson;M;11/15/1993
53383085051;Ava Charlotte Thompson;F;07/28/1989
70234704357;Noah Christopher Walker;M;04/11/1995
44082770915;Sophia Olivia Harris;F;12/25/1990
26843818404;Oliver James Wilson;M;08/09/1987
25675787331;Alexander Jacob Martinez;M;04/23/1993
30963062969;Isabella Emily Turner;F;12/06/1989
57511789998;Lucas William Harris;M;08/20/1985
63218287743;Sophia Grace Young;F;04/02/1991
41559120188;Oliver Benjamin Davis;M;12/16/1987
75492753176;Emma Elizabeth Anderson;F;08/29/1993
83491104692;Liam Thomas Thompson;M;05/11/1989
37104012866;Ava Charlotte Walker;F;01/24/1995
29838102220;Noah Christopher Wilson;M;09/07/1990
42877956804;Sophia Olivia Harris;F;05/21/1986
20969668083;Oliver James Martinez;M;01/04/1992
52991769757;Alexander Jacob Turner;M;09/17/1988
91635585000;Isabella Emily Harris;F;05/31/1994
27897033056;Lucas William Wilson;M;01/13/1990
53381146753;Sophia Grace Davis;F;09/25/1986
75373133771;Oliver Benjamin Anderson;M;05/09/1992
75629799280;Emma Elizabeth Thompson;F;01/22/1988
43351445365;Liam Thomas Walker;M;09/04/1994
40021164565;Ava Charlotte Wilson;F;05/18/1990
76531810115;Noah Christopher Harris;M;01/01/1986
55364822999;Sophia Olivia Martinez;F;09/14/1991
31952340648;Oliver James Turner;M;05/28/1987
87307274703;Alexander Jacob Harris;M;01/10/1993
58181131774;Isabella Emily Wilson;F;09/23/1989
78371619738;Lucas William Davis;M;05/07/1985
62573570165;Sophia Grace Anderson;F;01/20/1991
77841878530;Oliver Benjamin Thompson;M;09/02/1987
33540195009;Emma Elizabeth Walker;F;04/15/1993
28139994983;Liam Thomas Wilson;M;12/28/1989
56400893336;Ava Charlotte Harris;F;08/11/1995
63179048969;Noah Christopher Martinez;M;04/25/1991
40722136987;Sophia Olivia Turner;F;12/08/1987
93399248015;Oliver James Harris;M;08/21/1993
83476400451;Alexander Jacob Wilson;M;04/04/1989
61397302831;Isabella Emily Davis;F;12/18/1995
73583145712;Lucas William Anderson;M;08/31/1991
19592656529;Sophia Grace Thompson;F;04/13/1987
20933486363;Oliver Benjamin Walker;M;12/26/1993
91852825525;Emma Elizabeth Wilson;F;08/09/1989
35171295860;Liam Thomas Harris;M;04/22/1995
91070008250;Sophia Rose Mitchell;F;07/12/1993
27879871981;William Alexander Baker;M;03/25/1989
51624248325;Emma Elizabeth Clark;F;11/07/1995
71955254483;Ethan Michael Turner;M;07/21/1991
24647880731;Isabella Grace Davis;F;03/02/1987
37866783779;Liam Thomas Anderson;M;11/15/1993
17208933265;Ava Charlotte Thompson;F;07/28/1989
20320029439;Noah Christopher Walker;M;04/11/1995
21198581689;Sophia Olivia Harris;F;12/25/1990
85542193765;Oliver James Wilson;M;08/09/1987
55675922269;Alexander Jacob Martinez;M;04/23/1993
26254878392;Isabella Emily Turner;F;12/06/1989
55965209159;Lucas William Harris;M;08/20/1985
48199573550;Sophia Grace Young;F;04/02/1991
25868425253;Oliver Benjamin Davis;M;12/16/1987
84582501354;Emma Elizabeth Anderson;F;08/29/1993
55446806621;Liam Thomas Thompson;M;05/11/1989
37686246060;Ava Charlotte Walker;F;01/24/1995
76044137055;Noah Christopher Wilson;M;09/07/1990
70504272031;Sophia Olivia Harris;F;05/21/1986
16448977117;Oliver James Martinez;M;01/04/1992
25083590050;Alexander Jacob Turner;M;09/17/1988
39785616651;Isabella Emily Harris;F;05/31/1994
30281266678;Lucas William Wilson;M;01/13/1990
68829436669;Sophia Grace Davis;F;09/25/1986
21771991278;Oliver Benjamin Anderson;M;05/09/1992
83786325159;Emma Elizabeth Thompson;F;01/22/1988
13114669854;Liam Thomas Walker;M;09/04/1994
69361657813;Ava Charlotte Wilson;F;05/18/1990
21894704746;Noah Christopher Harris;M;01/01/1986
36208734977;Sophia Olivia Martinez;F;09/14/1991
95952887732;Oliver James Turner;M;05/28/1987
80430582594;Alexander Jacob Harris;M;01/10/1993
20982518396;Isabella Emily Wilson;F;09/23/1989
87859165273;Lucas William Davis;M;05/07/1985
92996844695;Sophia Grace Anderson;F;01/20/1991
53031327323;Oliver Benjamin Thompson;M;09/02/1987
81117200839;Emma Elizabeth Walker;F;04/15/1993
76309519971;Liam Thomas Wilson;M;12/28/1989
98345484210;Ava Charlotte Harris;F;08/11/1995
14329967697;Noah Christopher Martinez;M;04/25/1991
56124785909;Sophia Olivia Turner;F;12/08/1987
23871444257;Oliver James Harris;M;08/21/1993
29745797967;Alexander Jacob Wilson;M;04/04/1989
87778253680;Isabella Emily Davis;F;12/18/1995
53166855098;Lucas William Anderson;M;08/31/1991
50992335346;Sophia Grace Thompson;F;04/13/1987
42053665728;Oliver Benjamin Walker;M;12/26/1993
33050910562;Emma Elizabeth Wilson;F;08/09/1989
44902693949;Liam Thomas Harris;M;04/22/1995
18837327454;Sophia Rose Mitchell;F;07/12/1993
10985680199;William Alexander Baker;M;03/25/1989
62629595470;Emma Elizabeth Clark;F;11/07/1995
46188745855;Ethan Michael Turner;M;07/21/1991
55034505069;Isabella Grace Davis;F;03/02/1987
85591619322;Liam Thomas Anderson;M;11/15/1993
95484695131;Ava Charlotte Thompson;F;07/28/1989
19851661395;Noah Christopher Walker;M;04/11/1995
66171556868;Sophia Olivia Harris;F;12/25/1990
73243479817;Oliver James Wilson;M;08/09/1987
55086131403;Alexander Jacob Martinez;M;04/23/1993
73947048941;Isabella Emily Turner;F;12/06/1989
14366933234;Lucas William Harris;M;08/20/1985
39122183780;Sophia Grace Young;F;04/02/1991
21376247181;Oliver Benjamin Davis;M;12/16/1987
48848082156;Emma Elizabeth Anderson;F;08/29/1993
48895284788;Liam Thomas Thompson;M;05/11/1989
10196810300;Ava Charlotte Walker;F;01/24/1995
80192890373;Noah Christopher Wilson;M;09/07/1990
66349025994;Sophia Olivia Harris;F;05/21/1986
44510450886;Oliver James Martinez;M;01/04/1992
24111271881;Alexander Jacob Turner;M;09/17/1988
30695243433;Isabella Emily Harris;F;05/31/1994
27984912089;Lucas William Wilson;M;01/13/1990
50620087277;Sophia Grace Davis;F;09/25/1986
37711519792;Oliver Benjamin Anderson;M;05/09/1992
26611063502;Emma Elizabeth Thompson;F;01/22/1988
63161289147;Liam Thomas Walker;M;09/04/1994
30749744630;Ava Charlotte Wilson;F;05/18/1990
53217454529;Noah Christopher Harris;M;01/01/1986
73068866903;Sophia Olivia Martinez;F;09/14/1991
97103039178;Oliver James Turner;M;05/28/1987
13017285218;Alexander Jacob Harris;M;01/10/1993
55462429884;Isabella Emily Wilson;F;09/23/1989
75261441927;Lucas William Davis;M;05/07/1985
95682724911;Sophia Grace Anderson;F;01/20/1991
76885809615;Oliver Benjamin Thompson;M;09/02/1987
88974783665;Emma Elizabeth Walker;F;04/15/1993
50057945941;Liam Thomas Wilson;M;12/28/1989
90083208239;Ava Charlotte Harris;F;08/11/1995
25501113923;Noah Christopher Martinez;M;04/25/1991
14687180338;Sophia Olivia Turner;F;12/08/1987
38321854212;Oliver James Harris;M;08/21/1993
44574283558;Alexander Jacob Wilson;M;04/04/1989
20559633338;Isabella Emily Davis;F;12/18/1995
13179851252;Lucas William Anderson;M;08/31/1991
91429505266;Sophia Grace Thompson;F;04/13/1987
30143089199;Oliver Benjamin Walker;M;12/26/1993
80643292524;Emma Elizabeth Wilson;F;08/09/1989
97613369776;Liam Thomas Harris;M;04/22/1995
27477219675;Sophia Olivia Martinez;F;09/14/1991
18618789564;Oliver James Turner;M;05/28/1987
30970149796;Alexander Jacob Harris;M;01/10/1993
20715978734;Isabella Emily Wilson;F;09/23/1989
23738061487;Lucas William Davis;M;05/07/1985
20044320558;Sophia Grace Anderson;F;01/20/1991
24898009449;Oliver Benjamin Thompson;M;09/02/1987
33975309214;Emma Elizabeth Walker;F;04/15/1993
34132782341;Liam Thomas Wilson;M;12/28/1989
62964286831;Ava Charlotte Harris;F;08/11/1995
92479008537;Noah Christopher Martinez;M;04/25/1991
75415947049;Sophia Olivia Turner;F;12/08/1987
44041796963;Oliver James Harris;M;08/21/1993
51169139456;Alexander Jacob Wilson;M;04/04/1989
45464316326;Isabella Emily Davis;F;12/18/1995
96727130227;Lucas William Anderson;M;08/31/1991
49378773310;Sophia Grace Thompson;F;04/13/1987
27659244902;Oliver Benjamin Walker;M;12/26/1993
50838931424;Emma Elizabeth Wilson;F;08/09/1989
58168986430;Liam Thomas Harris;M;04/22/1995
51622811192;Sophia Olivia Martinez;F;09/14/1991
79433689316;Oliver James Turner;M;05/28/1987
14425997598;Alexander Jacob Harris;M;01/10/1993
15715260939;Isabella Emily Wilson;F;09/23/1989
89660867402;Lucas William Davis;M;05/07/1985
59233932411;Sophia Grace Anderson;F;01/20/1991
71062254110;Oliver Benjamin Thompson;M;09/02/1987
84537260978;Emma Elizabeth Walker;F;04/15/1993
94997275850;Liam Thomas Wilson;M;12/28/1989
19635791040;Ava Charlotte Harris;F;08/11/1995
56059721778;Noah Christopher Martinez;M;04/25/1991
44839425470;Sophia Olivia Turner;F;12/08/1987
71559215645;Oliver James Harris;M;08/21/1993
25085215428;Alexander Jacob Wilson;M;04/04/1989
69093534892;Isabella Emily Davis;F;12/18/1995
70276170671;Lucas William Anderson;M;08/31/1991
27992703444;Sophia Grace Thompson;F;04/13/1987
79337892033;Oliver Benjamin Walker;M;12/26/1993
33936127277;Emma Elizabeth Wilson;F;08/09/1989
47041212290;Liam Thomas Harris;M;04/22/1995
47362870867;Sophia Olivia Martinez;F;09/14/1991
74583290735;Oliver James Turner;M;05/28/1987
38776863566;Alexander Jacob Harris;M;01/10/1993
11313888033;Isabella Emily Wilson;F;09/23/1989
33805720569;Lucas William Davis;M;05/07/1985
33828502199;Sophia Grace Anderson;F;01/20/1991
75102921242;Oliver Benjamin Thompson;M;09/02/1987
70980222833;Emma Elizabeth Walker;F;04/15/1993
47873305622;Liam Thomas Wilson;M;12/28/1989
29686831582;Ava Charlotte Harris;F;08/11/1995
46929161161;Noah Christopher Martinez;M;04/25/1991
95325207844;Sophia Olivia Turner;F;12/08/1987
55741967723;Oliver James Harris;M;08/21/1993
18106705764;Alexander Jacob Wilson;M;04/04/1989
10685275932;Isabella Emily Davis;F;12/18/1995
29538925552;Lucas William Anderson;M;08/31/1991
11069664438;Sophia Grace Thompson;F;04/13/1987
72725229958;Oliver Benjamin Walker;M;12/26/1993
41122833340;Emma Elizabeth Wilson;F;08/09/1989
17309488307;Liam Thomas Harris;M;04/22/1995
39192408079;Sophia Olivia Martinez;F;09/14/1991
90075045264;Oliver James Turner;M;05/28/1987
91865706745;Alexander Jacob Harris;M;01/10/1993
98880668498;Isabella Emily Wilson;F;09/23/1989
81843054509;Lucas William Davis;M;05/07/1985
36695851838;Sophia Grace Anderson;F;01/20/1991
71723799452;Oliver Benjamin Thompson;M;09/02/1987
67340509203;Emma Elizabeth Walker;F;04/15/1993
60914761812;Liam Thomas Wilson;M;12/28/1989
32899231712;Ava Charlotte Harris;F;08/11/1995
90683657168;Noah Christopher Martinez;M;04/25/1991
31149144850;Sophia Olivia Turner;F;12/08/1987
44961246134;Oliver James Harris;M;08/21/1993
46777340076;Alexander Jacob Wilson;M;04/04/1989
97793283416;Isabella Emily Davis;F;12/18/1995
27835769211;Lucas William Anderson;M;08/31/1991
15796924856;Sophia Grace Thompson;F;04/13/1987
91670845512;Oliver Benjamin Walker;M;12/26/1993
81139945175;Emma Elizabeth Wilson;F;08/09/1989
25650345586;Liam Thomas Harris;M;04/22/1995
75088227420;Sophia Olivia Martinez;F;09/14/1991
45465535952;Oliver James Turner;M;05/28/1987
97500164891;Alexander Jacob Harris;M;01/10/1993
79728064591;Isabella Emily Wilson;F;09/23/1989
35991333937;Lucas William Davis;M;05/07/1985
81222361310;Sophia Grace Anderson;F;01/20/1991
34116620387;Oliver Benjamin Thompson;M;09/02/1987
21768646646;Emma Elizabeth Walker;F;04/15/1993
26141959531;Liam Thomas Wilson;M;12/28/1989
67680839002;Ava Charlotte Harris;F;08/11/1995
50588810847;Noah Christopher Martinez;M;04/25/1991
45829180881;Sophia Olivia Turner;F;12/08/1987
55877911198;Oliver James Harris;M;08/21/1993
54414698185;Alexander Jacob Wilson;M;04/04/1989
22163023110;Isabella Emily Davis;F;12/18/1995
55722417639;Lucas William Anderson;M;08/31/1991
12874119139;Sophia Grace Thompson;F;04/13/1987
80044252956;Oliver Benjamin Walker;M;12/26/1993
81533658767;Emma Elizabeth Wilson;F;08/09/1989
43248896885;Liam Thomas Harris;M;04/22/1995
14279720280;Sophia Olivia Martinez;F;09/14/1991
37791022627;Oliver James Turner;M;05/28/1987
15125115271;Alexander Jacob Harris;M;01/10/1993
15401436180;Isabella Emily Wilson;F;09/23/1989
56596286332;Lucas William Davis;M;05/07/1985
80841290828;Sophia Grace Anderson;F;01/20/1991
50997699456;Oliver Benjamin Thompson;M;09/02/1987
97159156492;Emma Elizabeth Walker;F;04/15/1993
43757667511;Liam Thomas Wilson;M;12/28/1989
88450462386;Ava Charlotte Harris;F;08/11/1995
71650153219;Noah Christopher Martinez;M;04/25/1991
43117710520;Sophia Olivia Turner;F;12/08/1987
21463109967;Oliver James Harris;M;08/21/1993
31895180243;Alexander Jacob Wilson;M;04/04/1989
20129263099;Isabella Emily Davis;F;12/18/1995
23221956287;Lucas William Anderson;M;08/31/1991
90382849087;Sophia Grace Thompson;F;04/13/1987
89268753817;Oliver Benjamin Walker;M;12/26/1993
65548950324;Emma Elizabeth Wilson;F;08/09/1989
99195914344;Liam Thomas Harris;M;04/22/1995
35022119654;Sophia Olivia Martinez;F;09/14/1991
95276186323;Oliver James Turner;M;05/28/1987
49891358284;Alexander Jacob Harris;M;01/10/1993
54673293287;Isabella Emily Wilson;F;09/23/1989
12643574875;Lucas William Davis;M;05/07/1985
20399789827;Sophia Grace Anderson;F;01/20/1991
94335070994;Oliver Benjamin Thompson;M;09/02/1987
75413769563;Emma Elizabeth Walker;F;04/15/1993
49767363143;Liam Thomas Wilson;M;12/28/1989
59998348865;Ava Charlotte Harris;F;08/11/1995
46184644116;Noah Christopher Martinez;M;04/25/1991
18974898088;Sophia Olivia Turner;F;12/08/1987
64958744461;Oliver James Harris;M;08/21/1993
67917099154;Alexander Jacob Wilson;M;04/04/1989
51471812571;Isabella Emily Davis;F;12/18/1995
43762841291;Lucas William Anderson;M;08/31/1991
13593340069;Sophia Grace Thompson;F;04/13/1987
41934017600;Oliver Benjamin Walker;M;12/26/1993
90636286864;Emma Elizabeth Wilson;F;08/09/1989
85069983109;Liam Thomas Harris;M;04/22/1995
89820264698;Sophia Olivia Martinez;F;09/14/1991
25074876664;Oliver James Turner;M;05/28/1987
83642648644;Alexander Jacob Harris;M;01/10/1993
89687736413;Isabella Emily Wilson;F;09/23/1989
24958687059;Lucas William Davis;M;05/07/1985
31687332600;Sophia Grace Anderson;F;01/20/1991
93919259396;Oliver Benjamin Thompson;M;09/02/1987
24159104148;Emma Elizabeth Walker;F;04/15/1993
35949169989;Liam Thomas Wilson;M;12/28/1989
15457692658;Ava Charlotte Harris;F;08/11/1995
86732298309;Noah Christopher Martinez;M;04/25/1991
88573661649