93785101101;Name;Gender;DOB
82356068036;John Doe;M;12/12/1999
21661278199;Jane Smith;F;01/23/1985
80592420223;Michael Johnson;M;06/15/1992
41414355270;Emily Davis;F;09/05/1988
93662667064;David Brown;M;03/29/1996
94360470599;Sarah Miller;F;11/08/1990
68073609412;Matthew Wilson;M;07/17/1987
61800966891;Olivia Taylor;F;04/02/1993
67927417177;Ava Martinez;F;08/11/1995
72993091382;Daniel Hernandez;M;05/07/1991
35925115636;Sophia Lee;F;02/18/1986
69410137740;Ethan Walker;M;12/09/1992
91514884999;Isabella Thompson;F;07/31/1988
69223966459;Joseph Harris;M;04/14/1996
66817250310;Mia Clark;F;12/03/1990
85658304134;Alexander Lewis;M;08/25/1987
81982555261;Charlotte Young;F;05/10/1993
66164362409;Amelia Scott;F;09/19/1994
51885859226;William Turner;M;03/22/1992
40113351519;Grace Allen;F;11/05/1987
30742604553;Benjamin Baker;M;07/08/1993
36344202199;Samantha Mitchell;F;04/12/1989
81947920217;Henry Anderson;M;12/25/1996
12148722307;Lily Hall;F;09/28/1990
22918460322;Andrew Carter;M;06/10/1987
18655762638;Chloe Garcia;F;02/15/1993
99490918164;Scarlett Turner;F;05/28/1995
10891468480;Jacob Bailey;M;02/03/1991
81689814491;Victoria Edwards;F;10/14/1986
83831423908;Samuel Walker;M;06/26/1992
86642596815;Natalie Baker;F;01/29/1988
76326478798;Jack Mitchell;M;11/12/1995
61795403418;Sophie Clark;F;07/26/1990
11184315505;Matthew Scott;M;04/09/1987
48405647254;Ava Allen;F;12/22/1992
39412226909;Olivia Young;F;05/20/1995
64140272548;Joseph King;M;01/13/1991
30148652712;Emily Martinez;F;09/26/1986
29206005269;Jacob Lee;M;05/09/1992
60262856498;Mia Thompson;F;12/21/1988
62364318480;William Harris;M;08/04/1996
24545541460;Isabella Clark;F;03/17/1990
36020394116;Michael Lewis;M;11/29/1987
51801598443;Sophia Young;F;07/12/1993
89704877753;Charlotte Scott;F;12/10/1994
75143293524;Emma Turner;F;09/02/1992
96591573779;Lucas Baker;M;05/16/1988
74983523706;Grace Anderson;F;01/19/1996
63980476081;Matthew Mitchell;M;11/01/1990
47737721925;Ava Clark;F;06/14/1987
68025490751;Daniel Wilson;M;02/28/1993
46577034860;James King;M;04/24/1995
26566488640;Sophia Scott;F;12/07/1991
62791966574;Benjamin Martinez;M;08/20/1986
18757920175;Amelia Walker;F;04/02/1992
13270120235;William Baker;M;11/15/1988
47231320131;Emily Thompson;F;07/28/1996
10813022679;Jacob Harris;M;03/12/1990
63234500582;Isabella Clark;F;11/24/1987
70114905014;Daniel Lewis;M;07/07/1993
77536969017;Matthew Turner;M;12/04/1994
70630382603;Emma Allen;F;08/17/1991
20251382043;Lucas Martinez;M;05/30/1986
42479400626;Grace Walker;F;01/12/1992
46951277584;William Baker;M;10/25/1988
29069816601;Emily Thompson;F;06/07/1996
92396216001;Jacob Harris;M;02/20/1990
51284944334;Isabella Clark;F;10/03/1987
78996950789;Daniel Lewis;M;05/16/1993
71198791307;Matthew Turner;M;10/12/1994
86588933780;Emma Allen;F;06/24/1991
13876567768;Lucas Martinez;M;03/08/1986
32350039306;Grace Walker;F;11/20/1992
28881370248;William Baker;M;07/03/1988
92420681135;Emily Thompson;F;02/15/1996
74310026876;Jacob Harris;M;10/28/1990
46265830656;Isabella Clark;F;06/11/1987
74461072422;Daniel Lewis;M;02/24/1993
86103166700;Matthew Turner;M;07/20/1994
25203571615;Emma Allen;F;03/03/1991
83164616088;Lucas Martinez;M;11/15/1986
55251566343;Grace Walker;F;07/28/1992
39014301499;William Baker;M;03/10/1988
76233372674;Emily Thompson;F;11/23/1995
86848582082;Jacob Harris;M;07/06/1990
87220080692;Isabella Clark;F;02/19/1987
32590849459;Daniel Lewis;M;10/03/1993
98618829969;Oliver Walker;M;10/25/1989
20108720482;Emma Davis;F;06/07/1995
28027247767;Ethan Wilson;M;02/18/1991
48813798952;Isabella Clark;F;11/02/1986
98355308404;Liam Thompson;M;07/15/1992
34567498237;Ava Mitchell;F;03/29/1988
58582339700;Noah Anderson;M;12/12/1996
83607902112;Sophia Baker;F;08/25/1990
97913730924;Michael Harris;M;05/10/1987
50273634701;William Lewis;M;10/05/1988
91146771027;Emily Scott;F;06/18/1994
48462350171;James Turner;M;02/29/1990
25074335833;Emma Davis;F;11/11/1985
98889841601;Ethan Wilson;M;07/24/1991
42856176465;Isabella Clark;F;03/06/1987
33244813406;Liam Thompson;M;12/19/1993
94966544803;Ava Mitchell;F;08/02/1989
64645216930;Noah Anderson;M;04/15/1995
26703031014;Oliver Walker;M;09/10/1986
64240917890;Emma Davis;F;05/24/1992
66159443839;Ethan Wilson;M;01/06/1988
13985897844;Isabella Clark;F;10/20/1994
74518489410;Liam Thompson;M;06/02/1990
77207116000;Ava Mitchell;F;02/15/1986
31185576153;Noah Anderson;M;11/28/1992
52969334598;Sophia Baker;F;07/11/1988
49758834606;Michael Harris;M;03/24/1994
48449593093;William Lewis;M;08/19/1995
78251901973;Emily Scott;F;04/01/1991
18038638752;James Turner;M;11/14/1986
63242104340;Emma Davis;F;07/26/1992
86730059175;Ethan Wilson;M;03/08/1988
71894941125;Isabella Clark;F;11/22/1994
49296296319;Liam Thompson;M;07/05/1990
26965031140;Ava Mitchell;F;03/18/1986
89235514460;Noah Anderson;M;12/01/1992
44816998201;Oliver Walker;M;04/27/1994
15913586583;Emma Davis;F;12/10/1989
63223004265;Ethan Wilson;M;06/22/1995
19294045018;Isabella Clark;F;02/03/1991
50348182648;Liam Thompson;M;10/15/1986
62640458413;Ava Mitchell;F;06/27/1992
58776462531;Noah Anderson;M;02/09/1988
26065663680;Oliver James Thompson;M;09/15/1994
95312366357;William Alexander Walker;M;01/10/1987
76998865838;Emma Elizabeth Turner;F;10/24/1993
65561332087;Ethan Michael Clark;M;06/06/1989
38905882788;Isabella Grace Anderson;F;02/18/1995
62343848574;Liam Thomas Mitchell;M;12/01/1990
47925500476;Ava Charlotte Baker;F;08/14/1987
86938402183;Noah Christopher Wilson;M;04/28/1993
18184521017;Sophia Olivia Harris;F;12/11/1989
27273010234;Oliver James Thompson;M;08/15/1994
36039535171;William Alexander Walker;M;12/10/1986
41156984788;Emma Elizabeth Turner;F;09/24/1993
95271960962;Ethan Michael Clark;M;05/06/1989
39027021473;Isabella Grace Anderson;F;01/18/1995
35980246121;Liam Thomas Mitchell;M;11/30/1990
11134885885;Ava Charlotte Baker;F;07/13/1987
69649705143;Noah Christopher Wilson;M;03/27/1993
10123084862;Sophia Olivia Harris;F;11/10/1989
16694950080;Oliver James Thompson;M;07/15/1994
32105960485;William Alexander Walker;M;11/10/1986
55216455708;Emma Elizabeth Turner;F;08/24/1993
45820076548;Ethan Michael Clark;M;04/06/1989
75964159199;Isabella Grace Anderson;F;12/17/1994
61482708447;Liam Thomas Mitchell;M;10/29/1990
70107845843;Ava Charlotte Baker;F;06/02/1987
91144845259;Noah Christopher Wilson;M;02/16/1993
92663792939;Sophia Olivia Harris;F;10/11/1989
26908460874;Oliver James Thompson;M;06/15/1994
85145458703;William Alexander Walker;M;10/01/1986
98803332883;Emma Elizabeth Turner;F;07/23/1993
87895890643;Ethan Michael Clark;M;03/05/1989
43570593276;Isabella Grace Anderson;F;11/17/1994
91440554239;Liam Thomas Mitchell;M;09/29/1990
63871271499;Ava Charlotte Baker;F;05/02/1987
45233836884;Noah Christopher Wilson;M;01/16/1993
25121875803;Sophia Olivia Harris;F;09/10/1989
36426130327;Oliver James Thompson;M;05/15/1994
85365152309;William Alexander Walker;M;09/09/1986
36561039590;Emma Elizabeth Turner;F;06/22/1993
49796846375;Ethan Michael Clark;M;02/04/1989
96620428756;Isabella Grace Anderson;F;10/16/1994
75429894978;Liam Thomas Mitchell;M;08/29/1990
37437625574;Ava Charlotte Baker;F;04/01/1987
52463606795;Noah Christopher Wilson;M;12/15/1992
63500588702;Sophia Olivia Harris;F;08/10/1989
38887208971;Oliver James Thompson;M;04/15/1994
30094124623;William Alexander Baker;M;03/25/1989
75223748616;Emma Elizabeth Clark;F;11/07/1995
45240946988;Ethan Michael Turner;M;07/21/1991
96761561693;Isabella Grace Davis;F;03/02/1987
23127804507;Liam Thomas Anderson;M;11/15/1993
20672014869;Ava Charlotte Thompson;F;07/28/1989
87088686721;Noah Christopher Walker;M;04/11/1995
75632700307;Sophia Olivia Harris;F;12/25/1990
88975124962;Oliver James Wilson;M;08/09/1987
35602777724;Alexander Jacob Martinez;M;04/23/1993
25349238532;Isabella Emily Turner;F;12/06/1989
70084397464;Lucas William Harris;M;08/20/1985
99760565874;Sophia Grace Young;F;04/02/1991
38730156070;Oliver Benjamin Davis;M;12/16/1987
89326501367;Emma Elizabeth Anderson;F;08/29/1993
68710417572;Liam Thomas Thompson;M;05/11/1989
71395714775;Ava Charlotte Walker;F;01/24/1995
87090946892;Noah Christopher Wilson;M;09/07/1990
53093618721;Sophia Olivia Harris;F;05/21/1986
58774260609;Oliver James Martinez;M;01/04/1992
69632751362;Alexander Jacob Turner;M;09/17/1988
64931119953;Isabella Emily Harris;F;05/31/1994
57421599411;Lucas William Wilson;M;01/13/1990
64727660037;Sophia Grace Davis;F;09/25/1986
88992961490;Oliver Benjamin Anderson;M;05/09/1992
18430658092;Emma Elizabeth Thompson;F;01/22/1988
68534167967;Liam Thomas Walker;M;09/04/1994
84806617628;Ava Charlotte Wilson;F;05/18/1990
87358140365;Noah Christopher Harris;M;01/01/1986
33232002545;Sophia Olivia Martinez;F;09/14/1991
81318843734;Oliver James Turner;M;05/28/1987
29167153045;Alexander Jacob Harris;M;01/10/1993
24201746881;Isabella Emily Wilson;F;09/23/1989
88851712749;Lucas William Davis;M;05/07/1985
97608366997;Sophia Grace Anderson;F;01/20/1991
43817162366;Oliver Benjamin Thompson;M;09/02/1987
62557052035;Emma Elizabeth Walker;F;04/15/1993
53418713352;Liam Thomas Wilson;M;12/28/1989
72480806663;Ava Charlotte Harris;F;08/11/1995
32529171716;Noah Christopher Martinez;M;04/25/1991
46827531371;Sophia Olivia Turner;F;12/08/1987
46439945086;Oliver James Harris;M;08/21/1993
25616495706;Alexander Jacob Wilson;M;04/04/1989
49319832060;Isabella Emily Davis;F;12/18/1995
14202157454;Lucas William Anderson;M;08/31/1991
16979008931;Sophia Grace Thompson;F;04/13/1987
11791870768;Oliver Benjamin Walker;M;12/26/1993
88923525057;Emma Elizabeth Wilson;F;08/09/1989
22265726611;Liam Thomas Harris;M;04/22/1995
73527913806;William Alexander Baker;M;03/25/1989
77001231810;Emma Elizabeth Clark;F;11/07/1995
36683880136;Ethan Michael Turner;M;07/21/1991
53326798712;Isabella Grace Davis;F;03/02/1987
25463064958;Liam Thomas Anderson;M;11/15/1993
52340487918;Ava Charlotte Thompson;F;07/28/1989
11145116145;Noah Christopher Walker;M;04/11/1995
57907504470;Sophia Olivia Harris;F;12/25/1990
95977999948;Oliver James Wilson;M;08/09/1987
84068202960;Alexander Jacob Martinez;M;04/23/1993
86009784914;Isabella Emily Turner;F;12/06/1989
74816624744;Lucas William Harris;M;08/20/1985
74584585294;Sophia Grace Young;F;04/02/1991
74439024961;Oliver Benjamin Davis;M;12/16/1987
26295109367;Emma Elizabeth Anderson;F;08/29/1993
74595225563;Liam Thomas Thompson;M;05/11/1989
16071481389;Ava Charlotte Walker;F;01/24/1995
46658006242;Noah Christopher Wilson;M;09/07/1990
42366977845;Sophia Olivia Harris;F;05/21/1986
13576105885;Oliver James Martinez;M;01/04/1992
85983799394;Alexander Jacob Turner;M;09/17/1988
68632329670;Isabella Emily Harris;F;05/31/1994
96221216367;Lucas William Wilson;M;01/13/1990
27361776856;Sophia Grace Davis;F;09/25/1986
17311096892;Oliver Benjamin Anderson;M;05/09/1992
24013890866;Emma Elizabeth Thompson;F;01/22/1988
81766937652;Liam Thomas Walker;M;09/04/1994
69423791892;Ava Charlotte Wilson;F;05/18/1990
28130784874;Noah Christopher Harris;M;01/01/1986
53028203648;Sophia Olivia Martinez;F;09/14/1991
65433929178;Oliver James Turner;M;05/28/1987
58452610037;Alexander Jacob Harris;M;01/10/1993
30510562343;Isabella Emily Wilson;F;09/23/1989
70821658000;Lucas William Davis;M;05/07/1985
33239068852;Sophia Grace Anderson;F;01/20/1991
41590422955;Oliver Benjamin Thompson;M;09/02/1987
98662139088;Emma Elizabeth Walker;F;04/15/1993
97642812804;Liam Thomas Wilson;M;12/28/1989
92676969638;Ava Charlotte Harris;F;08/11/1995
98094640605;Noah Christopher Martinez;M;04/25/1991
76371042704;Sophia Olivia Turner;F;12/08/1987
48699124742;Oliver James Harris;M;08/21/1993
21172152740;Alexander Jacob Wilson;M;04/04/1989
53938310712;Isabella Emily Davis;F;12/18/1995
75380640432;Lucas William Anderson;M;08/31/1991
21740445492;Sophia Grace Thompson;F;04/13/1987
59079231477;Oliver Benjamin Walker;M;12/26/1993
27822185470;Emma Elizabeth Wilson;F;08/09/1989
72897890434;Liam Thomas Harris;M;04/22/1995
43871974060;William Alexander Baker;M;03/25/1989
85854397535;Emma Elizabeth Clark;F;11/07/1995
11723577021;Ethan Michael Turner;M;07/21/1991
31996124436;Isabella Grace Davis;F;03/02/1987
90337841852;Liam Thomas Anderson;M;11/15/1993
13747000715;Ava Charlotte Thompson;F;07/28/1989
23301772251;Noah Christopher Walker;M;04/11/1995
88709004604;Sophia Olivia Harris;F;12/25/1990
10716752225;Oliver James Wilson;M;08/09/1987
97563932092;Alexander Jacob Martinez;M;04/23/1993
65810476185;Isabella Emily Turner;F;12/06/1989
74668795284;Lucas William Harris;M;08/20/1985
44521099136;Sophia Grace Young;F;04/02/1991
65739726819;Oliver Benjamin Davis;M;12/16/1987
98038190665;Emma Elizabeth Anderson;F;08/29/1993
78292584500;Liam Thomas Thompson;M;05/11/1989
95835504231;Ava Charlotte Walker;F;01/24/1995
57132401556;Noah Christopher Wilson;M;09/07/1990
95103338196;Sophia Olivia Harris;F;05/21/1986
38631801258;Oliver James Martinez;M;01/04/1992
20927437138;Alexander Jacob Turner;M;09/17/1988
68949531030;Isabella Emily Harris;F;05/31/1994
33017089656;Lucas William Wilson;M;01/13/1990
34260944821;Sophia Grace Davis;F;09/25/1986
97761039536;Oliver Benjamin Anderson;M;05/09/1992
67266773235;Emma Elizabeth Thompson;F;01/22/1988
43718833718;Liam Thomas Walker;M;09/04/1994
69233811581;Ava Charlotte Wilson;F;05/18/1990
76511199371;Noah Christopher Harris;M;01/01/1986
88083283970;Sophia Olivia Martinez;F;09/14/1991
74286984148;Oliver James Turner;M;05/28/1987
80775297708;Alexander Jacob Harris;M;01/10/1993
82218510377;Isabella Emily Wilson;F;09/23/1989
31184562325;Lucas William Davis;M;05/07/1985
55188341807;Sophia Grace Anderson;F;01/20/1991
63838314212;Oliver Benjamin Thompson;M;09/02/1987
88180218210;Emma Elizabeth Walker;F;04/15/1993
88814141729;Liam Thomas Wilson;M;12/28/1989
19016518074;Ava Charlotte Harris;F;08/11/1995
26546807821;Noah Christopher Martinez;M;04/25/1991
87265027684;Sophia Olivia Turner;F;12/08/1987
50114150447;Oliver James Harris;M;08/21/1993
12694613886;Alexander Jacob Wilson;M;04/04/1989
20831644151;Isabella Emily Davis;F;12/18/1995
80597329944;Lucas William Anderson;M;08/31/1991
49666961002;Sophia Grace Thompson;F;04/13/1987
86266579157;Oliver Benjamin Walker;M;12/26/1993
48858859667;Emma Elizabeth Wilson;F;08/09/1989
96332381307;Liam Thomas Harris;M;04/22/1995
70597911268;Sophia Olivia Martinez;F;09/14/1991
24910172170;Oliver James Turner;M;05/28/1987
25107548668;Alexander Jacob Harris;M;01/10/1993
75699948311;Isabella Emily Wilson;F;09/23/1989
33534229178;Lucas William Davis;M;05/07/1985
80509785453;Sophia Grace Anderson;F;01/20/1991
51063331624;Oliver Benjamin Thompson;M;09/02/1987
57843159001;Emma Elizabeth Walker;F;04/15/1993
49317571645;Liam Thomas Wilson;M;12/28/1989
19669429971;Ava Charlotte Harris;F;08/11/1995
50846175156;Noah Christopher Martinez;M;04/25/1991
11454610859;Sophia Olivia Turner;F;12/08/1987
96464044077;Oliver James Harris;M;08/21/1993
83759739166;Alexander Jacob Wilson;M;04/04/1989
90851040346;Isabella Emily Davis;F;12/18/1995
13711616579;Lucas William Anderson;M;08/31/1991
31766993217;Sophia Grace Thompson;F;04/13/1987
29661391149;Oliver Benjamin Walker;M;12/26/1993
31119537977;Emma Elizabeth Wilson;F;08/09/1989
38660658357;Liam Thomas Harris;M;04/22/1995
67052165883;Sophia Olivia Martinez;F;09/14/1991
94369232142;Oliver James Turner;M;05/28/1987
77585335905;Alexander Jacob Harris;M;01/10/1993
61918502641;Isabella Emily Wilson;F;09/23/1989
59527622772;Lucas William Davis;M;05/07/1985
24563021107;Sophia Grace Anderson;F;01/20/1991
42761915473;Oliver Benjamin Thompson;M;09/02/1987
10538923184;Emma Elizabeth Walker;F;04/15/1993
14306263577;Liam Thomas Wilson;M;12/28/1989
60506960848;Ava Charlotte Harris;F;08/11/1995
85983756809;Noah Christopher Martinez;M;04/25/1991
71652368612;Sophia Olivia Turner;F;12/08/1987
79813552983;Oliver James Harris;M;08/21/1993
62576087384;Alexander Jacob Wilson;M;04/04/1989
85131323223;Isabella Emily Davis;F;12/18/1995
31309910868;Lucas William Anderson;M;08/31/1991
11030313705;Sophia Grace Thompson;F;04/13/1987
16493703782;Oliver Benjamin Walker;M;12/26/1993
79943985993;Emma Elizabeth Wilson;F;08/09/1989
47389617814;Liam Thomas Harris;M;04/22/1995
43827337730;Sophia Olivia Martinez;F;09/14/1991
11542159563;Oliver James Turner;M;05/28/1987
14328578897;Alexander Jacob Harris;M;01/10/1993
65282851385;Isabella Emily Wilson;F;09/23/1989
47816365500;Lucas William Davis;M;05/07/1985
33429942763;Sophia Grace Anderson;F;01/20/1991
73631962330;Oliver Benjamin Thompson;M;09/02/1987
67972515872;Emma Elizabeth Walker;F;04/15/1993
34000945629;Liam Thomas Wilson;M;12/28/1989
64244345489;Ava Charlotte Harris;F;08/11/1995
19050885581;Noah Christopher Martinez;M;04/25/1991
27545743224;Sophia Olivia Turner;F;12/08/1987
21999482613;Oliver James Harris;M;08/21/1993
11560929299;Alexander Jacob Wilson;M;04/04/1989
15167799808;Isabella Emily Davis;F;12/18/1995
56186160499;Lucas William Anderson;M;08/31/1991
56778038869;Sophia Grace Thompson;F;04/13/1987
75488704051;Oliver Benjamin Walker;M;12/26/1993
38523574593;Emma Elizabeth Wilson;F;08/09/1989
34222338226;Liam Thomas Harris;M;04/22/1995
15224376092;Sophia Olivia Martinez;F;09/14/1991
16994675186;Oliver James Turner;M;05/28/1987
40678860728;Alexander Jacob Harris;M;01/10/1993
26883649711;Isabella Emily Wilson;F;09/23/1989
20393889074;Lucas William Davis;M;05/07/1985
83169528455;Sophia Grace Anderson;F;01/20/1991
70685224913;Oliver Benjamin Thompson;M;09/02/1987
34459260621;Emma Elizabeth Walker;F;04/15/1993
49193847239;Liam Thomas Wilson;M;12/28/1989
61496871423;Ava Charlotte Harris;F;08/11/1995
73486318947;Noah Christopher Martinez;M;04/25/1991
37906757477;Sophia Olivia Turner;F;12/08/1987
93973500703;Oliver James Harris;M;08/21/1993
36260491993;Alexander Jacob Wilson;M;04/04/1989
61689197802;Isabella Emily Davis;F;12/18/1995
30361991451;Lucas William Anderson;M;08/31/1991
77622576936;Sophia Grace Thompson;F;04/13/1987
84225698732;Oliver Benjamin Walker;M;12/26/1993
38302010527;Emma Elizabeth Wilson;F;08/09/1989
47462608422;Liam Thomas Harris;M;04/22/1995
96335988522;Sophia Olivia Martinez;F;09/14/1991
55767895310;Oliver James Turner;M;05/28/1987
90176531036;Alexander Jacob Harris;M;01/10/1993
61805601138;Isabella Emily Wilson;F;09/23/1989
47597609925;Lucas William Davis;M;05/07/1985
33439256359;Sophia Grace Anderson;F;01/20/1991
94401273951;Oliver Benjamin Thompson;M;09/02/1987
64359640506;Emma Elizabeth Walker;F;04/15/1993
84153216013;Liam Thomas Wilson;M;12/28/1989
29823001494;Ava Charlotte Harris;F;08/11/1995
61458292470;Noah Christopher Martinez;M;04/25/1991
22808998553;Sophia Olivia Turner;F;12/08/1987
70143745101;Oliver James Harris;M;08/21/1993
58046975916;Alexander Jacob Wilson;M;04/04/1989
65694168787;Isabella Emily Davis;F;12/18/1995
71444748275;Lucas William Anderson;M;08/31/1991
76563367061;Sophia Grace Thompson;F;04/13/1987
44351110626;Oliver Benjamin Walker;M;12/26/1993
62641494307;Emma Elizabeth Wilson;F;08/09/1989
51803150041;Liam Thomas Harris;M;04/22/1995
30503296807;Sophia Olivia Martinez;F;09/14/1991
65081655170;Oliver James Turner;M;05/28/1987
24199287896;Alexander Jacob Harris;M;01/10/1993
18902048604;Isabella Emily Wilson;F;09/23/1989
85861587805;Lucas William Davis;M;05/07/1985
51780470786;Sophia Grace Anderson;F;01/20/1991
95437386058;Oliver Benjamin Thompson;M;09/02/1987
27773001681;Emma Elizabeth Walker;F;04/15/1993
92051385975;Liam Thomas Wilson;M;12/28/1989
73930095039;Ava Charlotte Harris;F;08/11/1995
51805040536;Noah Christopher Martinez;M;04/25/1991
17520615380;Sophia Olivia Turner;F;12/08/1987
43935191071;Oliver James Harris;M;08/21/1993
79114042245;Alexander Jacob Wilson;M;04/04/1989
86821696969;Isabella Emily Davis;F;12/18/1995
21292745117;Lucas William Anderson;M;08/31/1991
94918475931;Sophia Grace Thompson;F;04/13/1987
72536680998;Oliver Benjamin Walker;M;12/26/1993
26721354161;Emma Elizabeth Wilson;F;08/09/1989
80522170393;Liam Thomas Harris;M;04/22/1995
81152857887;Sophia Olivia Martinez;F;09/14/1991
79706576702;Oliver James Turner;M;05/28/1987
73999367216;Alexander Jacob Harris;M;01/10/1993
33179535660;Isabella Emily Wilson;F;09/23/1989
84075974776;Lucas William Davis;M;05/07/1985
43059916172;Sophia Grace Anderson;F;01/20/1991
52503883762;Oliver Benjamin Thompson;M;09/02/1987
11428633750;Emma Elizabeth Walker;F;04/15/1993
88615952415;Liam Thomas Wilson;M;12/28/1989
53167545873;Ava Charlotte Harris;F;08/11/1995
89629951702;Noah Christopher Martinez;M;04/25/1991
36182202123;Sophia Olivia Turner;F;12/08/1987
46073656235;Oliver James Harris;M;08/21/1993
10991670225;Alexander Jacob Wilson;M;04/04/1989
41191951075;Isabella Emily Davis;F;12/18/1995
96104899156;Lucas William Anderson;M;08/31/1991
15727853975;Sophia Grace Thompson;F;04/13/1987
15483243379;Oliver Benjamin Walker;M;12/26/1993
88660027844;Emma Elizabeth Wilson;F;08/09/1989
51660555528;Liam Thomas Harris;M;04/22/1995
65484952842;Sophia Olivia Martinez;F;09/14/1991
19579577259;Oliver James Turner;M;05/28/1987
36560022346;Alexander Jacob Harris;M;01/10/1993
23182814339;Isabella Emily Wilson;F;09/23/1989
11475023091;Lucas William Davis;M;05/07/1985
90257983897;Sophia Grace Anderson;F;01/20/1991
65654375306;Oliver Benjamin Thompson;M;09/02/1987
82353901811;Emma Elizabeth Walker;F;04/15/1993
96401146429;Liam Thomas Wilson;M;12/28/1989
45679842947;Ava Charlotte Harris;F;08/11/1995
20157412927;Noah Christopher Martinez;M;04/25/1991